{
  "total_samples": 2700,
  "total_words": 48433,
  "correct_words": 41251,
  "substitutions": 2052,
  "insertions": 4903,
  "deletions": 227,
  "accuracy": 0.8517126752420,
  "wer": 0.85195874636566
}
