{
  "total_samples": 7095,
  "total_words": 55403,
  "correct_words": 29047,
  "substitutions": 2127,
  "insertions": 24172,
  "deletions": 40,
  "accuracy": 0.5242856885006227,
  "wer": 0.47571431149937726
}